{
  "old_python_loop_s": 0.0017661000001680804,
  "jax_sweep_cold_s": 0.31091550000019197,
  "jax_sweep_warm_s": 0.00041553333297391265,
  "speedup_warm": 4.250200549564473,
  "speedup_cold": 0.005680321502681564
}