{
  "tree_price_default_sweep": {
    "\u03b3=1.2": {
      "match": true,
      "max_abs_err": 6.743074095538759e-06
    },
    "\u03b3=1.4": {
      "match": true,
      "max_abs_err": 1.3713897232037198e-05
    },
    "\u03b3=1.6": {
      "match": true,
      "max_abs_err": 7.330243498415712e-06
    },
    "\u03b3=1.8": {
      "match": true,
      "max_abs_err": 2.2134805320206397e-05
    },
    "\u03b3=2.0": {
      "match": true,
      "max_abs_err": 0.00020266582063754868
    }
  },
  "consol_price_beta0.9": {
    "match": true,
    "max_abs_err": 0.00011387733371748254
  },
  "call_option_beta0.9": {
    "shipped": {
      "runs": false,
      "error": "NameError: name 'err' is not defined"
    },
    "patched_vs_numpy": {
      "match": true,
      "max_abs_err": 0.00011387733371748254
    }
  },
  "exercise_model": {
    "tree_price": {
      "match": true,
      "max_abs_err": 1.8592420875762627e-05
    },
    "consol_price": {
      "match": true,
      "max_abs_err": 0.0101597865821077
    },
    "finite_call_k5": {
      "match": true,
      "max_abs_err": 0.0101597865821077
    },
    "finite_call_k25": {
      "match": true,
      "max_abs_err": 0.0101597865821077
    },
    "call_option_patched": {
      "match": true,
      "max_abs_err": 0.0101597865821077
    }
  },
  "_meta": {
    "jax_enable_x64": false,
    "atol": 1e-05,
    "rtol": 0.0001
  }
}